Дата;Наименование праздника;Продвигаемая продукция;
01.05.2026;Праздник весны и труда;Поздравление;
02.05.2026;Международный день ничегонеделания;https://kolbiko.ru/kolbasa-evropeiskaia-osobaia;
03.05.2026;Всемирный день веселья;https://kolbiko.ru/kolbasa-saliami-ispanskaia;
04.05.2026;День собачьего счастья;https://kolbiko.ru/korm-dlia-sobak;
05.05.2026;Всемирный день общения;https://kolbiko.ru/kolbasa-otbornaia;
06.05.2026;Международный день против диеты;https://kolbiko.ru/kolbasa-liubitelskaia;
07.05.2026;День радио;https://kolbiko.ru/kolbasa-balykovaia;
08.05.2026;Международный день болельщиков;https://kolbiko.ru/kolbaski-okhotnichi;
09.05.2026;День Победы;Поздравление;
10.05.2026;Международный день матери;Поздравление;
11.05.2026;День Донецкой Народной Республики;Поздравление;
12.05.2026;Международный день медицинской сестры;https://kolbiko.ru/kolbasa-doktorskaia-shchedraia;
13.05.2026;Всемирный день коктейля;https://kolbiko.ru/kolbasa-salchichon-s-k;
14.05.2026;День фрилансера;https://kolbiko.ru/kolbaski-shashlychnye;
15.05.2026;Международный день семьи;https://kolbiko.ru/sardelki-semeinye-natur;
16.05.2026;Международный день света;https://kolbiko.ru/sardelki-iantarnye;
17.05.2026;День рождения интернета;https://kolbiko.ru/sardelki-firmennye-s-syrom;
18.05.2026;Международный день музеев;https://kolbiko.ru/rulet-gusarskii;
19.05.2026;День пионерии;https://kolbiko.ru/kolbasa-detskaia-slivochnaia;
20.05.2026;Всемирный день травматолога;https://kolbiko.ru/kolbasa-doktorskaia-3;
21.05.2026;Вознесение Господне;Поздравление;
22.05.2026;День винегрета;https://kolbiko.ru/sosiski-fileinye;
23.05.2026;День кладоискателя;https://kolbiko.ru/kolbasa-zolotistaia;
24.05.2026;День кадрового работника;https://kolbiko.ru/kolbasa-kolbiko-tsarskaia;
25.05.2026;Всемирный день футбола;https://kolbiko.ru/kolbaski-s-khalapeno-p-k-kat-v;
26.05.2026;День российского предпринимательства;https://kolbiko.ru/vetchina-rublenaia-vareno-kopchenaia-kat-v;
27.05.2026;Всероссийский день библиотек;https://kolbiko.ru/kolbasa-buterbrodnaia-s-vetchinoi;
28.05.2026;День пограничника в России;https://kolbiko.ru/sheika-syrokopchenaia;
29.05.2026;Всемирный день здорового пищеварения;https://kolbiko.ru/kolbasa-indeiko-var-1c;
30.05.2026;День окрошки;https://kolbiko.ru/kolbasa-kapitoshka;
31.05.2026;День Святой Троицы;Поздравление;
